sample_name,virus_background,replicate,selection,sample_id,Lane,inline_fwd,inline_rev,read_1_file,read_2_file
USSR77_R1_Plasmid_L1,USSR77,R1,Plasmid,1,1,TTGATCG,TACCTGA,data/sequencing_data/USSR77_R1_Plasmid_S1_L001_R1_001.fastq.gz,data/sequencing_data/USSR77_R1_Plasmid_S1_L001_R2_001.fastq.gz
USSR77_R1_Plasmid_L2,USSR77,R1,Plasmid,1,2,TTGATCG,TACCTGA,data/sequencing_data/USSR77_R1_Plasmid_S1_L002_R1_001.fastq.gz,data/sequencing_data/USSR77_R1_Plasmid_S1_L002_R2_001.fastq.gz
USSR77_R2_Plasmid_L1,USSR77,R2,Plasmid,2,1,CATTCTCGAG,AGAACCAT,data/sequencing_data/USSR77_R2_Plasmid_S2_L001_R1_001.fastq.gz,data/sequencing_data/USSR77_R2_Plasmid_S2_L001_R2_001.fastq.gz
USSR77_R2_Plasmid_L2,USSR77,R2,Plasmid,2,2,CATTCTCGAG,AGAACCAT,data/sequencing_data/USSR77_R2_Plasmid_S2_L002_R1_001.fastq.gz,data/sequencing_data/USSR77_R2_Plasmid_S2_L002_R2_001.fastq.gz
USSR77_R1_P1_L1,USSR77,R1,P1,3,1,CCTTAGTACTA,ACCGTTGAC,data/sequencing_data/USSR77_R1_P1_S3_L001_R1_001.fastq.gz,data/sequencing_data/USSR77_R1_P1_S3_L001_R2_001.fastq.gz
USSR77_R1_P1_L2,USSR77,R1,P1,3,2,CCTTAGTACTA,ACCGTTGAC,data/sequencing_data/USSR77_R1_P1_S3_L002_R1_001.fastq.gz,data/sequencing_data/USSR77_R1_P1_S3_L002_R2_001.fastq.gz
USSR77_R2_P1_L1,USSR77,R2,P1,4,1,AGTGGAATACCT,GCAAGCTGTT,data/sequencing_data/USSR77_R2_P1_S4_L001_R1_001.fastq.gz,data/sequencing_data/USSR77_R2_P1_S4_L001_R2_001.fastq.gz
USSR77_R2_P1_L2,USSR77,R2,P1,4,2,AGTGGAATACCT,GCAAGCTGTT,data/sequencing_data/USSR77_R2_P1_S4_L002_R1_001.fastq.gz,data/sequencing_data/USSR77_R2_P1_S4_L002_R2_001.fastq.gz
SN89_R1_Plasmid_L1,SN89,R1,Plasmid,5,1,GGTATCA,TCGGTGGTACG,data/sequencing_data/SN89_R1_Plasmid_S5_L001_R1_001.fastq.gz,data/sequencing_data/SN89_R1_Plasmid_S5_L001_R2_001.fastq.gz
SN89_R1_Plasmid_L2,SN89,R1,Plasmid,5,2,GGTATCA,TCGGTGGTACG,data/sequencing_data/SN89_R1_Plasmid_S5_L002_R1_001.fastq.gz,data/sequencing_data/SN89_R1_Plasmid_S5_L002_R2_001.fastq.gz
SN89_R2_Plasmid_L1,SN89,R2,Plasmid,6,1,GATGTCCT,GTTCAACCGATT,data/sequencing_data/SN89_R2_Plasmid_S6_L001_R1_001.fastq.gz,data/sequencing_data/SN89_R2_Plasmid_S6_L001_R2_001.fastq.gz
SN89_R2_Plasmid_L2,SN89,R2,Plasmid,6,2,GATGTCCT,GTTCAACCGATT,data/sequencing_data/SN89_R2_Plasmid_S6_L002_R1_001.fastq.gz,data/sequencing_data/SN89_R2_Plasmid_S6_L002_R2_001.fastq.gz
SN89_R1_P1_L1,SN89,R1,P1,7,1,CTCATCCAG,CGTACAA,data/sequencing_data/SN89_R1_P1_S7_L001_R1_001.fastq.gz,data/sequencing_data/SN89_R1_P1_S7_L001_R2_001.fastq.gz
SN89_R1_P1_L2,SN89,R1,P1,7,2,CTCATCCAG,CGTACAA,data/sequencing_data/SN89_R1_P1_S7_L002_R1_001.fastq.gz,data/sequencing_data/SN89_R1_P1_S7_L002_R2_001.fastq.gz
SN89_R2_P1_L1,SN89,R2,P1,8,1,GACGGAACTC,GAGATCAC,data/sequencing_data/SN89_R2_P1_S8_L001_R1_001.fastq.gz,data/sequencing_data/SN89_R2_P1_S8_L001_R2_001.fastq.gz
SN89_R2_P1_L2,SN89,R2,P1,8,2,GACGGAACTC,GAGATCAC,data/sequencing_data/SN89_R2_P1_S8_L002_R1_001.fastq.gz,data/sequencing_data/SN89_R2_P1_S8_L002_R2_001.fastq.gz
SI06_R1_Plasmid_L1,SI06,R1,Plasmid,9,1,GATGTCCT,ACCGTTGAC,data/sequencing_data/SI06_R1_Plasmid_S9_L001_R1_001.fastq.gz,data/sequencing_data/SI06_R1_Plasmid_S9_L001_R2_001.fastq.gz
SI06_R1_Plasmid_L2,SI06,R1,Plasmid,9,2,GATGTCCT,ACCGTTGAC,data/sequencing_data/SI06_R1_Plasmid_S9_L002_R1_001.fastq.gz,data/sequencing_data/SI06_R1_Plasmid_S9_L002_R2_001.fastq.gz
SI06_R2_Plasmid_L1,SI06,R2,Plasmid,10,1,CTCATCCAG,GCAAGCTGTT,data/sequencing_data/SI06_R2_Plasmid_S10_L001_R1_001.fastq.gz,data/sequencing_data/SI06_R2_Plasmid_S10_L001_R2_001.fastq.gz
SI06_R2_Plasmid_L2,SI06,R2,Plasmid,10,2,CTCATCCAG,GCAAGCTGTT,data/sequencing_data/SI06_R2_Plasmid_S10_L002_R1_001.fastq.gz,data/sequencing_data/SI06_R2_Plasmid_S10_L002_R2_001.fastq.gz
SI06_R1_P1_L1,SI06,R1,P1,11,1,GACGGAACTC,TCGGTGGTACG,data/sequencing_data/SI06_R1_P1_S11_L001_R1_001.fastq.gz,data/sequencing_data/SI06_R1_P1_S11_L001_R2_001.fastq.gz
SI06_R1_P1_L2,SI06,R1,P1,11,2,GACGGAACTC,TCGGTGGTACG,data/sequencing_data/SI06_R1_P1_S11_L002_R1_001.fastq.gz,data/sequencing_data/SI06_R1_P1_S11_L002_R2_001.fastq.gz
SI06_R2_P1_L1,SI06,R2,P1,12,1,ATCGCAGGCAT,GTTCAACCGATT,data/sequencing_data/SI06_R2_P1_S12_L001_R1_001.fastq.gz,data/sequencing_data/SI06_R2_P1_S12_L001_R2_001.fastq.gz
SI06_R2_P1_L2,SI06,R2,P1,12,2,ATCGCAGGCAT,GTTCAACCGATT,data/sequencing_data/SI06_R2_P1_S12_L002_R1_001.fastq.gz,data/sequencing_data/SI06_R2_P1_S12_L002_R2_001.fastq.gz
SYD21_R1_Plasmid_L1,SYD21,R1,Plasmid,13,1,TCACGACTAGTA,CGTACAA,data/sequencing_data/SYD21_R1_Plasmid_S13_L001_R1_001.fastq.gz,data/sequencing_data/SYD21_R1_Plasmid_S13_L001_R2_001.fastq.gz
SYD21_R1_Plasmid_L2,SYD21,R1,Plasmid,13,2,TCACGACTAGTA,CGTACAA,data/sequencing_data/SYD21_R1_Plasmid_S13_L002_R1_001.fastq.gz,data/sequencing_data/SYD21_R1_Plasmid_S13_L002_R2_001.fastq.gz
SYD21_R2_Plasmid_L1,SYD21,R2,Plasmid,14,1,TTGATCG,AGAACCAT,data/sequencing_data/SYD21_R2_Plasmid_S14_L001_R1_001.fastq.gz,data/sequencing_data/SYD21_R2_Plasmid_S14_L001_R2_001.fastq.gz
SYD21_R2_Plasmid_L2,SYD21,R2,Plasmid,14,2,TTGATCG,AGAACCAT,data/sequencing_data/SYD21_R2_Plasmid_S14_L002_R1_001.fastq.gz,data/sequencing_data/SYD21_R2_Plasmid_S14_L002_R2_001.fastq.gz
SYD21_R1_P1_L1,SYD21,R1,P1,15,1,CATTCTCGAG,ACCGTTGAC,data/sequencing_data/SYD21_R1_P1_S15_L001_R1_001.fastq.gz,data/sequencing_data/SYD21_R1_P1_S15_L001_R2_001.fastq.gz
SYD21_R1_P1_L2,SYD21,R1,P1,15,2,CATTCTCGAG,ACCGTTGAC,data/sequencing_data/SYD21_R1_P1_S15_L002_R1_001.fastq.gz,data/sequencing_data/SYD21_R1_P1_S15_L002_R2_001.fastq.gz
SYD21_R2_P1_L1,SYD21,R2,P1,16,1,CCTTAGTACTA,GCAAGCTGTT,data/sequencing_data/SYD21_R2_P1_S16_L001_R1_001.fastq.gz,data/sequencing_data/SYD21_R2_P1_S16_L001_R2_001.fastq.gz
SYD21_R2_P1_L2,SYD21,R2,P1,16,2,CCTTAGTACTA,GCAAGCTGTT,data/sequencing_data/SYD21_R2_P1_S16_L002_R1_001.fastq.gz,data/sequencing_data/SYD21_R2_P1_S16_L002_R2_001.fastq.gz